{
    "image_size": [
        1280,
        720
    ],
    "camera_matrix": [
        [
            905.4857633345027,
            0.0,
            655.3194051708169
        ],
        [
            0.0,
            904.7226580031478,
            373.51435612390264
        ],
        [
            0.0,
            0.0,
            1.0
        ]
    ],
    "dist_coeffs": [
        [
            0.13648319608626472,
            -0.3945939339998437,
            -0.0014041235116868099,
            0.0013147328891611207,
            0.2840817885812581
        ]
    ]
}