{
    "image_size": [
        1280,
        720
    ],
    "camera_matrix": [
        [
            899.7605773048306,
            0.0,
            656.8370712817944
        ],
        [
            0.0,
            899.7047045679426,
            376.44324852913485
        ],
        [
            0.0,
            0.0,
            1.0
        ]
    ],
    "dist_coeffs": [
        [
            0.14437424929021875,
            -0.4654898070789341,
            -0.0005836730504478517,
            0.001934913211212528,
            0.42766187330982725
        ]
    ]
}