{
  "algorithm": "HORAUD",
  "T_cam_to_tool": [
    [
      -0.9999452494090737,
      0.008592163810489556,
      -0.0059726799078331436,
      0.030255027706849007
    ],
    [
      -0.008623686732102459,
      -0.9999489161971264,
      0.005272288245250093,
      -0.07664632769001711
    ],
    [
      -0.005927074436370791,
      0.005323506104829401,
      0.9999682645321188,
      -0.1497217598858897
    ],
    [
      0.0,
      0.0,
      0.0,
      1.0
    ]
  ],
  "error_m": 0.0030053649730633616
}