{
  "algorithm": "ANDREFF",
  "T_cam_to_tool": [
    [
      -0.9998896219160304,
      0.006581016780526361,
      -0.013320443038900915,
      0.028616003955889605
    ],
    [
      -0.0066274494096843495,
      -0.999972105153626,
      0.0034446812548670214,
      -0.07492702023115408
    ],
    [
      -0.013297401962046866,
      0.0035325815999052435,
      0.9999053455044133,
      -0.21540132866584893
    ],
    [
      0.0,
      0.0,
      0.0,
      1.0
    ]
  ],
  "error_m": 0.0032140857498957095
}