{
    "image_size": [
        1280,
        720
    ],
    "camera_matrix": [
        [
            902.5255496929536,
            0.0,
            650.0435794732999
        ],
        [
            0.0,
            902.0870449284904,
            372.52069102508875
        ],
        [
            0.0,
            0.0,
            1.0
        ]
    ],
    "dist_coeffs": [
        [
            0.13753543501770327,
            -0.423558188811685,
            -0.0013480298209668212,
            -0.00016966459675338074,
            0.3605722308541293
        ]
    ]
}