{
  "algorithm": "DANIILIDIS",
  "T_cam_to_tool": [
    [
      0.9999707352492163,
      -0.007634265299745827,
      0.0004966270985367071,
      -0.03538558170874643
    ],
    [
      0.007638251115294882,
      0.9999339196629838,
      -0.008591474106411458,
      -0.07727860451102013
    ],
    [
      -0.0004310046886064227,
      0.008595016041552151,
      0.9999629692814649,
      -0.14952323086702554
    ],
    [
      0.0,
      0.0,
      0.0,
      1.0
    ]
  ],
  "error_m": 0.001660620349939939
}